,Sample ID,d15N,N%(N),C%(N),umols N (N),d15N (C),d13C,N%,C%,C:N (mass),umols N,umols C,_merge
0,WS23-139-11MC-3 37.5-40cm,5.028679090559123,0.11749098157594684,0.810321603507968,3.0997995374673257,5.226818325782732,-24.12812115554234,0.11550869538725127,0.7236109412263928,6.264558168546833,1.3680483815565028,9.997399123871386,both
1,WS23-139-10MC-3 37.5-40cm,5.262846504332783,0.1122659318298848,0.7992349359800218,2.7351699151673503,4.428560068581336,-26.059420366573093,0.10926129292336882,0.7739496689457269,7.0834752933826435,1.3055203736882184,10.787608208285985,both
2,WS23-139-10MC-3 45-47.5cm,4.576080331780628,0.11154512920987164,0.7791816229138148,2.765698182272171,4.722623179865109,-25.922771165444875,0.10989663998063672,0.7411288465907242,6.743871757328593,1.2968744816558648,10.202400683334258,both
3,WS23-139-10MC-3 42.5-45cm,4.4174213717376505,0.11171246176101889,0.7743546356491369,2.6220932138110955,4.883548109744468,-26.005845549845304,0.11052562712861852,0.7432326993763091,6.724528226484615,1.2660351635689293,9.931222614147382,both
4,WS23-139-11MC-3 5.0-7.5cm,5.172628758083373,0.12605961409888092,0.8225241050998625,2.9557875254448525,,,,,,,,left_only
5,WS23-139-11MC-3 27.5-30cm,5.037556409767356,0.12184510810565709,0.7976004089751406,3.205630863430703,4.919200929896277,-23.845576744900573,0.12267218863970912,0.7500681891058366,6.114411077386115,1.4479871402818485,10.32795807097687,both
6,WS23-139-10MC-3 17.5-20cm,5.637991306810787,0.10922031331653229,0.7557478372933147,2.792563057324413,4.687693044662802,-25.83399655400997,0.11343688725629901,0.7419756430373543,6.540867446062201,1.4559758077393068,11.109247304827397,both
7,WS23-139-10MC-3 12.5-15cm,4.436010532029884,0.10962248616054754,0.7523629393734914,2.6645071529087256,4.762805953367048,-25.884964311804026,0.11095740318588514,0.7294171891783637,6.573848776510955,1.280643261610109,9.820712696931011,both
8,WS23-139-10MC-3 32.5-35cm,4.537377554390248,0.11079651188587791,0.7796184888321885,2.772048061829974,4.591330088289883,-25.93624664105603,0.11117175518089006,0.7690612630448077,6.917775668769922,1.3671507280596393,11.03260324812572,both
9,WS23-139-11MC-3 12.5-15cm,4.987720896857523,0.12857639629547926,0.8454428279079668,3.3485845621935417,5.061986082779772,-23.23094051389244,0.13173057541524405,0.7904122600775365,6.00021868564668,1.6672709231000054,11.66993355178591,both
10,WS23-139-11MC-3 32.5-35cm,5.06383653310737,0.11692746874028451,0.7650308296491992,2.947890880353739,5.06403744911582,-23.580470511022043,0.11552357902924439,0.6929460145207755,5.998308054023834,1.3094321448853683,9.162350300241396,both
11,WS23-139-11MC-3 15-17.5cm,5.065172047405871,0.12734419761223545,0.8303522016915146,3.243323097216121,5.0913867370568795,-23.30362137810771,0.1302753736865812,0.7730246688862413,5.933774335170956,1.6335099854048338,11.307014453226147,both
12,WS23-139-10MC-3 7.5-10cm,4.585881315222689,0.10994102512311835,0.7595766887757136,2.7290642617463865,4.6534001309552115,-25.878933685445467,0.11378456140317705,0.7522892048507406,6.611522649238206,1.5160716686032163,11.692741537842442,both
13,WS23-139-10MC-3 25-27.5cm,4.580629622109835,0.11016339499331514,0.7657537413684647,2.674194789669989,4.619146853261387,-25.9636197718976,0.1145744141243415,0.7518149643994254,6.5618050080842725,1.3904312554904026,10.64309577412076,both
14,WS23-139-11MC-3 0-2.5cm,4.9200760642224415,0.12712069874008608,0.8397121837976189,3.130653439421264,5.048075404748742,-23.195449749358133,0.13335005373955564,0.8229368824732001,6.171252724655575,1.5441384167143548,11.116157405797438,both
15,WS23-139-10MC-3 27.5-30cm,4.5444357986123824,0.10946579096695835,0.764222297260683,2.707735179129152,4.7354491852193545,-25.943172550414033,0.11155049074655161,0.7389558461758777,6.624406949986647,1.347921668699766,10.416139483689786,both
16,WS23-139-10MC-3 20-22.5cm,4.537288505176959,0.10884068768317137,0.7723426853024526,2.7399730291918423,4.676833203735005,-25.878148312465107,0.1142689291073918,0.7407478333588587,6.482495628034563,1.4471617481459333,10.943454460687951,both
17,WS23-139-11MC-3 2.5-5.0cm,4.961786009063619,0.1262936257557412,0.8516817030142485,3.324650400783363,,,,,,,,left_only
18,WS23-139-10MC-3 2.5-5cm,4.921907033525581,0.10950012061966,0.8072643573758136,2.8095651933725323,,,,,,,,left_only
19,WS23-139-10MC-3 15-17.5cm,4.683037485363886,0.10620023790968182,0.7639649441504784,2.654778538239027,4.457611765890925,-25.931806701971546,0.11105147632415972,0.7393402154497728,6.657635178947424,1.2966310133551784,10.070047663886248,both
20,WS23-139-11MC-3 25-27.5cm,4.979093739706227,0.11666582114476778,0.8088944472304528,3.0714504975757424,4.996112135989191,-23.78619948535158,0.11991621829133782,0.7563841127365837,6.307604788694552,1.4544870074409018,10.702110930668415,both
21,WS23-139-10MC-3 40-42.5cm,4.691584334609921,0.10719075143368491,0.797691696186483,2.6389888639904777,4.887245999642975,-26.004115020440278,0.11130318416914346,0.7500848915913544,6.739114403514972,1.3418349611826077,10.548654303895068,both
22,WS23-139-11MC-3 5-7.5cm,4.728258429634409,0.10691928507601794,0.7664433785051419,2.6574898964433236,5.020170758386918,-23.303284724418813,0.13412816227485228,0.8074717270924072,6.020150529146556,1.5276824307065082,10.728414945223598,both
23,WS23-139-11MC-3 20-22.5cm,5.024798863330791,0.11741295633789267,0.7989138592769913,2.8448128500283842,5.161228864754935,-23.576581401608998,0.12101962577524399,0.7559255183746751,6.246305204897673,1.4387600905870548,10.483509936759857,both
24,WS23-139-11MC-3 17.5-20cm,4.942388301183032,0.11687733318927775,0.8011593212132313,2.833169958915818,5.043402964917487,-23.45380364983689,0.1257982345923078,0.7368690913955246,5.857547157029675,1.6142759896506136,11.030335158292043,both
25,WS23-139-10MC-3 0-2.5cm,4.694396568173915,0.10732280581097915,0.7821079083167775,2.7117968063587883,4.737774796036175,-25.525182602625204,0.12294609688811833,0.8004532163513212,6.51060291145101,1.523443427535856,11.57024798989087,both
26,WS23-139-10MC-3 35-37.5cm,4.739609842149241,0.10655170439250418,0.8112346062198534,2.7492773462417084,4.815566638626049,-26.047546748951873,0.11224228278119684,0.7642545903986072,6.808972264832068,1.2750434906943238,10.127486932717597,both
27,WS23-139-01MC-3 10-12.5cm,4.384228997923311,0.03819193148635955,0.2537985928111659,0.9648846644965713,4.454497224075844,-26.561461445113046,0.04199161659778723,0.2840126967845684,6.763557104861131,0.540675782874721,4.265865976100608,both
28,WS23-139-01MC-3 10-12.5cm,4.244706717488526,0.04053882882667125,0.2689609064819033,2.2272917987895737,4.454497224075844,-26.561461445113046,0.04199161659778723,0.2840126967845684,6.763557104861131,0.540675782874721,4.265865976100608,both
29,WS23-139-16MC-3 20-22.5cm,5.4376222439426805,0.10021819326113662,0.8382739784905527,2.438428102702088,5.182121774442647,-23.55460550186458,0.1060785841317128,0.6485530876867652,6.113892761629315,1.3462364210291604,9.601393754430214,both
30,WS23-139-01MC-3 22.5-25cm,3.692561397531599,0.028563995575934472,0.17076608646516844,0.7286775174046383,4.042400656025425,-25.74231413213949,0.026506613830150936,0.1525016331627168,5.753342699294474,0.3348422923383378,2.2472721929340236,both
31,WS23-139-01MC-3 22.5-25cm,3.692561397531599,0.028563995575934472,0.17076608646516844,0.7286775174046383,3.5601745724668237,-26.428348667004702,0.029881563364621694,0.15468231894294052,5.176513593196961,0.9013098534348206,5.44260235960931,both
32,WS23-139-01MC-3 22.5-25cm,4.194066309097793,0.027977518307289978,0.1714647148779247,1.4158701109958365,4.042400656025425,-25.74231413213949,0.026506613830150936,0.1525016331627168,5.753342699294474,0.3348422923383378,2.2472721929340236,both
33,WS23-139-01MC-3 22.5-25cm,4.194066309097793,0.027977518307289978,0.1714647148779247,1.4158701109958365,3.5601745724668237,-26.428348667004702,0.029881563364621694,0.15468231894294052,5.176513593196961,0.9013098534348206,5.44260235960931,both
34,WS23-139-11MC-3 22.5-25cm,5.061863541455244,0.11464456219939781,0.8088172502288011,2.969056852448787,4.89039810972195,-23.767548675547946,0.12506272199138685,0.7689868174962456,6.148809215500735,1.6077835016323114,11.532241107347945,both
35,WS23-139-01MC-3 2.5-5cm,4.187538190296775,0.021596947762694087,0.20283496339365825,0.5497278759210805,4.266638368224984,-26.83833638416243,0.02223736897467347,0.15321577872785216,6.8900137827614545,0.2636739281993402,2.119251054310641,both
36,WS23-139-01MC-3 2.5-5cm,4.187538190296775,0.021596947762694087,0.20283496339365825,0.5497278759210805,3.537480488733368,-27.240118608404554,0.022690310178101653,0.1658071571007415,7.307399317121785,0.6552009266631709,5.58511951749417,both
37,WS23-139-01MC-3 2.5-5cm,4.038589181846703,0.020678634170004193,0.18007819730160318,1.1699442808603728,4.266638368224984,-26.83833638416243,0.02223736897467347,0.15321577872785216,6.8900137827614545,0.2636739281993402,2.119251054310641,both
38,WS23-139-01MC-3 2.5-5cm,4.038589181846703,0.020678634170004193,0.18007819730160318,1.1699442808603728,3.537480488733368,-27.240118608404554,0.022690310178101653,0.1658071571007415,7.307399317121785,0.6552009266631709,5.58511951749417,both
39,WS23-139-01MC-3 12.5-15cm,4.463643192362506,0.02522694326824876,0.12799751810092577,0.6578632207747811,3.666601820745522,-25.638805663393306,0.025420482141806085,0.12841466329968734,5.0516218608025065,0.32582126896531893,1.920018408719805,both
40,WS23-139-01MC-3 12.5-15cm,4.463643192362506,0.02522694326824876,0.12799751810092577,0.6578632207747811,3.6256601346958393,-25.91460837529148,0.027581980684423378,0.11310015921876708,4.100508970432249,0.8109417318858555,3.8790246947379146,both
41,WS23-139-01MC-3 12.5-15cm,4.323497016606873,0.025254436953935696,0.12474293223967428,1.325722745022984,3.666601820745522,-25.638805663393306,0.025420482141806085,0.12841466329968734,5.0516218608025065,0.32582126896531893,1.920018408719805,both
42,WS23-139-01MC-3 12.5-15cm,4.323497016606873,0.025254436953935696,0.12474293223967428,1.325722745022984,3.6256601346958393,-25.91460837529148,0.027581980684423378,0.11310015921876708,4.100508970432249,0.8109417318858555,3.8790246947379146,both
43,WS23-139-10MC-3 47.5-50cm,4.794781864501551,0.10223710998337118,0.7497142804833821,2.579498475155035,4.641530994064707,-25.695353298501047,0.10566264742923272,0.7179085952399946,6.794346088297779,1.3380918563093838,10.605440713362185,both
44,WS23-139-11MC-3 10-12.5cm,5.158654923316878,0.1219375840947101,0.8597732665336517,3.1118018873220348,5.194786169066397,-23.296273453189492,0.13324646614299854,0.7993397127326617,5.998956189013071,1.494814210113853,10.46063469193942,both
45,WS23-139-01MC-3 17.5-20cm,4.380321123696393,0.025577160229515578,0.14338224202669078,0.6592188998769293,4.776811263891774,-25.650062156393194,0.02835477233696231,0.13573249869121903,4.786936642558854,0.33612852175037117,1.876973637188814,both
46,WS23-139-16MC-3 10-12.5cm,5.246156841749103,0.09980355527411851,0.8306435576669255,2.5684633728824715,5.025043402499507,-23.55443192286934,0.10660919636440325,0.6565574983328712,6.158544672719205,1.2708638033418265,9.13003062419424,both
47,WS23-139-01MC-3 7.5-10cm,4.501486110955435,0.06510380593503583,0.5806928918313432,1.6597055908463525,4.258744308793533,-26.798645741189738,0.06805397249278676,0.656446336694397,9.645966468217203,0.8885876651038888,9.998645159992176,both
48,WS23-139-16MC-3 22.5-25cm,5.452764796281211,0.10315454715147043,0.828758061925018,2.6084626280764756,5.025980931718238,-23.768799035598185,0.10815726419622863,0.6554849792704212,6.060480395299029,1.2853035628858034,9.086735570252493,both
49,WS23-139-01MC-3 25-27.5cm,4.007868802870943,0.035638038682713646,0.1900897038342028,0.8808268133235727,3.923623425976877,-26.045297025131905,0.034282395509790294,0.17472442963488768,5.096622538672661,0.45413774323069106,2.7000089005777523,both
50,WS23-139-01MC-3 25-27.5cm,2.6594971831276357,0.03520287276413335,0.19225470091625668,2.0405102722553465,3.923623425976877,-26.045297025131905,0.034282395509790294,0.17472442963488768,5.096622538672661,0.45413774323069106,2.7000089005777523,both
51,WS23-139-01MC-3 0-2.5cm,3.904633432765542,0.04421541264517335,0.41145102516981336,1.1435096690739226,4.045729737572943,-27.285689669077207,0.04201309814073828,0.3980607189623103,9.474681386953659,0.513993220651145,5.680899852634472,both
52,WS23-139-11MC-3 35-37.5cm,5.137551546026304,0.11464678499718238,0.7746190646831878,2.8916194108925315,5.024398822176549,-23.84243100328367,0.11604678347790136,0.7078273504602075,6.09949995378371,1.440520779060801,10.249646504457509,both
53,WS23-139-16MC-3 25-27.5cm,5.762966829729987,0.10467510214452819,0.8380898569151631,2.6569992737071453,5.014970041675,-23.773629426527865,0.108529913375633,0.6584739560836672,6.067211661771278,1.3346622966086945,9.446168017789761,both
54,WS23-139-16MC-3 17.5-20cm,5.391345875236996,0.10198856882258785,0.8197165160806695,2.625932658507059,5.141655637602075,-23.497899590096974,0.1064424595092815,0.6527468164958083,6.132391336174363,1.42751418395424,10.211873384795789,both
55,WS23-139-16MC-3 12.5-15cm,5.162808979493303,0.09991956377294477,0.8261953307479465,2.4888601120517153,5.060597846272663,-23.53863359825019,0.10595842112345205,0.64945959485174,6.129381581621108,1.2528203040042707,8.9577836708735,both
56,WS23-139-01MC-3 5-7.5cm,3.6451636612649887,0.039636021329781175,0.4547131148094621,0.9573471276077552,4.396438137389902,-27.71808401571053,0.036097325747456936,0.43164819077950695,11.957899424444667,0.43151892335361086,6.0193537878228005,both
57,WS23-139-01MC-3 5-7.5cm,3.980911284037381,0.037847719008874625,0.40154306397772743,2.109098585625168,4.396438137389902,-27.71808401571053,0.036097325747456936,0.43164819077950695,11.957899424444667,0.43151892335361086,6.0193537878228005,both
58,WS23-139-01MC-3 27.5-30cm,3.67565912572228,0.02928010599877122,0.1464206775489129,0.7558489033201713,4.335289447934951,-25.951611431157087,0.029901329071573456,0.1597028677040925,5.340995623365737,0.38050028171878053,2.3706767072677444,both
59,WS23-139-01MC-3 27.5-30cm,3.67565912572228,0.02928010599877122,0.1464206775489129,0.7558489033201713,3.8411869241096985,-26.343259618446915,0.02955562922150584,0.14086119578914086,4.765968429683936,0.9004446267391389,5.006143563586927,both
60,WS23-139-10MC-3 22.5-25cm,4.659029210126084,0.10593997987134691,0.7692345430565559,2.7102789140248507,5.099045191489756,-25.901478112202202,0.11310818939893226,0.7465760852637888,6.600548459233284,1.5014082785524223,11.560429190383582,both
61,WS23-139-01MC-3 15-17.5cm,3.866817526498717,0.03210536226636303,0.1803389637979518,0.8097609429294818,4.301995567178851,-25.470658677977514,0.03183606398688275,0.16183765064294167,5.0834691973738595,0.427412225217186,2.534558177304821,both
62,WS23-139-01MC-3 15-17.5cm,3.866817526498717,0.03210536226636303,0.1803389637979518,0.8097609429294818,4.203789161608332,-26.216884984693685,0.03341527778545716,0.1574757024698265,4.7126857206125745,0.9665864008090199,5.3137887745979935,both
63,WS23-139-01MC-3 15-17.5cm,4.294759573160932,0.027948194755999366,0.16351181222817357,1.4729157457596096,4.301995567178851,-25.470658677977514,0.03183606398688275,0.16183765064294167,5.0834691973738595,0.427412225217186,2.534558177304821,both
64,WS23-139-01MC-3 15-17.5cm,4.294759573160932,0.027948194755999366,0.16351181222817357,1.4729157457596096,4.203789161608332,-26.216884984693685,0.03341527778545716,0.1574757024698265,4.7126857206125745,0.9665864008090199,5.3137887745979935,both
65,WS23-139-10MC-3 30-32.5cm,4.776000205921692,0.10770692469734544,0.7803902019271544,2.657078323618596,4.677060911921184,-25.98893428361465,0.11238835686200835,0.7400907559730698,6.585119461100061,1.3910967140214754,10.686023146818489,both
66,WS23-139-16MC-3 15-17.5cm,5.396581489664448,0.09962771219000298,0.8386663039701566,2.538977755911397,5.224218188380318,-23.583268890290597,0.10486574905446203,0.6605480792759603,6.2989878509608,1.309511976950616,9.622222020760137,both
67,WS23-139-11MC-3 30-32.5cm,4.94922522184884,0.11460014095016224,0.8114623544385046,2.9348597124560105,4.976158828958797,-23.74280835379672,0.12304383934945637,0.7441779908964326,6.048071929736321,1.4501783549880256,10.23136301888584,both
68,WS23-139-01MC-3 20-22.5cm,4.621655459737567,0.02672677660655606,0.13872340534245928,0.6832020346970681,3.8766083235141275,-25.116258683503794,0.02663279826383546,0.13333726537713425,5.00650604026811,0.30643876374948437,1.789672537784683,both
69,WS23-139-01MC-3 20-22.5cm,4.220347245725518,0.02645220711558364,0.1356850300209477,1.4115773792828437,3.8766083235141275,-25.116258683503794,0.02663279826383546,0.13333726537713425,5.00650604026811,0.30643876374948437,1.789672537784683,both
70,WS23-139-11MC-3 7.5-10cm,5.29570261575183,0.12111248121732703,0.8416080766068282,3.102761724377089,4.6529666406430605,-23.25042952387976,0.13004661065183187,0.8029534743119957,6.1743514135997595,1.5966679156475092,11.500085521765728,both
71,WS23-139-05MC-3 50-52.5cm,3.7028178563792817,0.08446562156755015,0.6041593923371357,2.6033618878717935,4.374471967172422,-27.229858678074216,0.08170239825934578,0.5573996469097338,6.822316832614812,1.0942639549881257,8.708615299429013,both
72,WS23-139-09MC-3 1-2.5cm,5.027712559268378,0.11030355946604854,0.7988705894675355,3.514676087169074,4.6667108037119585,-24.894016884093677,0.12106672885720256,0.7578823898038697,6.260038550292271,1.5900269885599763,11.611187320891924,both
73,WS23-139-18MC-3 0-2.5cm,4.519262952606937,0.10150702963375284,0.8654991454029963,3.1251992978032086,5.012532281594355,-22.990005167549366,0.10833257035483554,0.6780869538996807,6.259308273390502,1.3380348304211807,9.76987231497092,both
74,WS23-139-09MC-3 5-7.5cm,5.027743847088218,0.10236521458284963,0.7238479475642469,3.0909764723146833,4.503110053289324,-24.77774596462151,0.10750248863583699,0.6556037457569922,6.0984983145631135,1.3428986820954913,9.553473067854389,both
75,WS23-139-09MC-3 7.5-10cm,5.081351483395735,0.10220964286868255,0.7033171249701855,3.1857162563502937,4.446327486164936,-24.88822293016219,0.10896433202435926,0.6350036479417489,5.827628510582639,1.4674796692616778,9.976060640603595,both
76,WS23-139-18MC-3 20-22.5cm,5.273519812272728,0.09935833807584965,0.8975687874266117,2.948907248773665,4.850925963290719,-23.04877588299995,0.10422903793550231,0.6730241036729742,6.457165076103324,1.3866702627265006,10.44504268806042,both
77,WS23-139-08MC-3 30-32.5cm,4.482218467624159,0.07509485122763924,1.0350829088742564,2.268657800292528,4.43484917602728,-23.37849756739149,0.07586824408063016,0.4940624853445815,6.512111771290091,0.9761605765863236,7.415462415338406,both
78,WS23-139-05MC-3 37.5-40cm,4.862019340902741,0.07368344540204681,0.5662599330956867,2.2913921122600827,4.3698763619214445,-27.490071677579788,0.07355119179488681,0.5500916856845056,7.4790315732551775,1.0181143914905353,8.88253793545347,both
79,WS23-139-05MC-3 42.5-45cm,4.4741112835620305,0.07024290474891527,0.5567571274630696,2.161135022339218,4.20362613298353,-27.37027787460865,0.06950246074122562,0.4845842290339663,6.972188090407186,0.981219965025483,7.980509130776703,both
80,WS23-139-18MC-3 2.5-5cm,5.431562117240003,0.1267815483700759,1.0182709313272946,3.777293797655488,5.245058781058901,-23.06644344932453,0.14086480449529193,0.9245734727997933,6.563552025024781,1.6622248022242445,12.726934764634624,both
81,WS23-139-18MC-3 17.5-20cm,5.223697333866092,0.10022370343130488,0.8836163977125154,2.932240813665778,5.065322908244832,-23.329921645312055,0.10798191434843972,0.6701828368276785,6.206435965425744,1.3337808906493571,9.656547869527873,both
82,WS23-139-16MC-3 30-32.5cm,5.881101066514144,0.10471228687792405,0.8420476705446618,3.1794865694410346,5.328318621396015,-23.77958644685831,0.10895559467213134,0.6600464455626249,6.0579399116569785,1.380415278679751,9.755057792453448,both
83,WS23-139-17MC-3 47.5-48.75cm,5.492350123365259,0.15324416499657134,1.4941172369221833,4.894187664958307,5.046373845903265,-26.160676499968964,0.16025719426635746,1.4495679800631904,9.045259944173976,1.9099317435156102,20.152736522160772,both
84,WS23-139-05MC-3 45-47.5cm,4.726211525591351,0.07792123599690656,0.5740356335580119,2.3039323911033955,4.351579826881069,-27.07296107509337,0.0761196299684829,0.5082314839531714,6.676746644244108,0.9595093970331249,7.473245634149049,both
85,WS23-139-05MC-3 52.5-55cm,4.707763230341742,0.08369321456337035,0.6079679801645765,2.583378346747288,4.560724982902454,-26.34658699815895,0.0816895600208887,0.551431678263434,6.750332332827209,1.1081442456795074,8.726027514901384,both
86,WS23-139-05MC-3 30-32.5cm,4.56311771690456,0.0782109580083326,0.6014799642035226,2.445920709619618,4.546355233974886,-27.27703813072614,0.0805195769211013,0.5580278635978009,6.930337750589467,1.0906063466486926,8.816933172049849,both
87,WS23-139-18MC-3 7.5-10cm,5.324328415430691,0.11206941674681994,0.9304411698220669,3.5600638060793877,5.093782930677754,-23.365668402552394,0.11726587944858144,0.7896888469199898,6.734174089115592,1.4373231134125914,11.291038200924284,both
88,WS23-139-16MC-3 32.5-35cm,5.868285390938831,0.10416251335214101,0.8480178922784082,3.0386309212719507,5.185211048117444,-23.632749801435686,0.1051798051137996,0.6630495651432666,6.303962670646501,1.4005205313332845,10.299075468565894,both
89,WS23-139-16MC-3 35-36cm,6.117619240194017,0.10711846296960557,0.8408355616078007,3.150628482218799,5.048849321770322,-23.71581009039758,0.10801997043200418,0.6478545036913119,5.997543797691741,1.4421938236478502,10.09002372318567,both
90,WS23-139-05MC-3 25-27.5cm,4.426296647470638,0.07280804192589924,0.542069945361994,2.108315098423845,4.4391583396672925,-26.367008458777512,0.06936586629143279,0.5006441284992047,7.217442169550732,0.8888337128221282,7.483399995685032,both
91,WS23-139-08MC-3 25-27.5cm,4.70557107663175,0.08129307804728654,0.9719988703474134,2.551767090139557,4.427425202238541,-25.16011161233438,0.09053154520929663,0.7182766624746889,7.933993182311546,1.2989111993233913,12.021714564865713,both
92,WS23-139-05MC-3 40-42.5cm,4.4807352267757175,0.06524233096005382,0.6013613478362321,2.073225249351603,4.100626099247236,-27.806403542688393,0.06281247928473851,0.5582836862846806,8.88810141936757,0.9719121527013288,10.076997294986933,both
93,WS23-139-18MC-3 5-7.5cm,5.496861975154438,0.12240196870589512,0.979374833936602,3.698706170709543,5.027831991296006,-22.820997763489974,0.12797166405014151,0.8455766082037705,6.607529990955333,1.4837770955249812,11.436758054672813,both
94,WS23-139-09MC-3 2.5-5cm,4.914001481793735,0.10569225250737864,0.7505094018381877,3.232477969618958,4.70940660974649,-24.84918978171432,0.11282592628355946,0.6911743876036285,6.126024490741041,1.4409666659469875,10.297404927053893,both
95,WS23-139-18MC-3 15-17.5cm,5.160350499499469,0.11662317087962411,0.9514299177049163,3.4918692163158256,4.944477719098482,-23.299617025692005,0.12288428667644936,0.7896313365780582,6.4258121028698625,1.6167923314111288,12.119295942667234,both
96,WS23-139-18MC-3 12.5-15cm,5.226387345397437,0.10940773809842642,0.8577538026638444,3.248574230661271,5.212483336673294,-23.271687991636433,0.1110444618204147,0.7231628446346674,6.512372006486857,1.447461785699082,10.996169749140963,both
97,WS23-139-05MC-3 35-37.5cm,4.659493206710103,0.07693763856994758,0.6260337799994258,2.283361937258994,4.025673207940125,-27.50914964680076,0.0752881997954979,0.5586492467394517,7.420143505315396,1.0005645910009817,8.660691361400376,both
98,WS23-139-05MC-3 47.5-50cm,4.706669188638347,0.08748157459496406,0.6518429521186748,2.6158302090879615,4.470950396651384,-27.245613942733755,0.085268406658021,0.5974288877174582,7.00645070235119,1.1926013051134343,9.747393051476763,both
99,WS23-139-05MC-3 32.5-35cm,4.710632702530119,0.08755448546216353,0.678349650976188,2.5458919548591132,4.594884018125881,-27.242416030665407,0.08729179082745063,0.6339133594068433,7.262004289268135,1.271494343622973,10.771248897098628,both
100,WS23-139-08MC-3 40-40.5cm,4.612543848506127,0.0635306534295873,0.9787569918198803,2.0862632207958764,4.641020617127773,-23.447983178367625,0.07292133574143797,0.4494623685979468,6.163660662931839,1.126298917993559,8.098181677011633,both
101,WS23-139-09MC-3 0-1cm,5.045637858308207,0.1091617831464548,0.8213044787644629,3.1587570940451664,4.881526964975312,-24.81750563995352,0.12554146745473213,0.7639794421042169,6.085474844235776,1.734103125042096,12.31018331690325,both
102,WS23-139-18MC-3 10-12.5cm,4.9986288088481805,0.08702365830083965,0.8045391739248224,2.6481032124777983,4.783918564064122,-23.086884868886333,0.09431086637355675,0.5824788709456872,6.176158626711596,1.1732648751068668,8.452976054714721,both
103,WS23-139-17MC-3 45-47.5cm,5.200450997590842,0.16281675359332737,,4.77828239881745,4.908497907609944,-26.87100670849821,0.17184842262636366,1.9565644697092333,11.38540837213988,2.2657987599958527,30.092971594062412,both
104,WS23-139-09MC-3 10-12.5cm,5.470329485195982,0.11159561753155493,0.8701926690356188,3.438992998791829,4.238493593146048,-24.326939173125734,0.1217900943528389,0.7295240408041395,5.990011295094579,1.6350820019147372,11.425160435874322,both
105,WS23-139-08MC-3 27.5-30cm,4.395481070760938,0.07483857746642662,1.0513563655156737,2.18992314190837,4.318887497712968,-23.69468622045979,0.07412936431046896,0.47095166537857724,6.353105409161952,1.0069106372792465,7.46228991852983,both
106,WS23-139-16MC-3 27.5-30cm,5.653448157355695,0.10171482437639279,0.8547124488360288,3.1757386494448063,4.966659206916481,-23.43674189343895,0.10776295715222313,0.6543588699448891,6.072205953113916,1.433993440534544,10.15754572221696,both
107,WS23-139-17MC-3 37.5-40cm,5.35513791887165,0.1320477042089514,1.8380792577385907,3.9715161400803605,4.526966602780505,-27.19122085852873,0.1406197709605482,1.7650354143892137,12.551829677523838,1.8327744594858033,26.83559256182102,both
108,WS23-139-08MC-3 7.5-10cm,4.73622622742115,0.11576415523982908,1.0427202165386487,3.572410769192556,4.751497558107616,-23.409359423256483,0.12633067620770563,0.7665897870951565,6.068120666391223,1.7362577947033346,12.290330017083463,both
109,WS23-139-04MC-3 17.5-20cm,4.376300061653447,0.036988033351744845,0.21571107667653333,1.2091733957957984,4.037934604518588,-26.448672511945855,0.0343289012480558,0.1826180739225531,5.319659741014741,0.8869892193278884,5.504239515339301,both
110,WS23-139-04MC-3 20-22.5cm,4.217353256585578,0.03310051785642475,0.19822051631437224,1.0040962943470346,4.019556127468026,-26.555333111584673,0.03202749622409242,0.1726904109801911,5.3919422789686,0.7900801548899773,4.969486506150195,both
111,WS23-139-04MC-3 20-22.5cm,3.639264063905395,0.03788007202476245,0.3556438159839935,2.0436582755115418,4.019556127468026,-26.555333111584673,0.03202749622409242,0.1726904109801911,5.3919422789686,0.7900801548899773,4.969486506150195,both
112,WS23-139-08MC-3 2.5-5cm,5.286979128469614,0.11805108797038275,1.0594396956894352,3.5802931676385175,4.750558088517997,-23.083284556080812,0.12935670093947507,0.7876801490934396,6.089210248659548,1.918467903012429,13.627325676822222,both
113,WS23-139-04MC-3 5-7.5cm,4.493884734211499,0.03255859795188709,0.155042866154568,1.0550287150747826,3.964462366088464,-25.913216831243947,0.03130251066801755,0.13247946639394084,4.232231331185137,0.8969141225883144,4.428079283473744,both
114,WS23-139-04MC-3 5-7.5cm,4.496227553954359,0.027833835690207434,0.14564698955526134,1.403850462199456,3.964462366088464,-25.913216831243947,0.03130251066801755,0.13247946639394084,4.232231331185137,0.8969141225883144,4.428079283473744,both
115,WS23-139-07MC-3 0-2.5cm,5.078807293466005,0.10983796824948597,0.679151383470266,3.380673111267727,5.013150717590406,-24.958806640559065,0.11937542322971709,0.6640207669089182,5.562457907530319,1.51149224316342,9.80771389192115,both
116,WS23-139-08MC-3 15-17.5cm,4.674329132693705,0.11195582283345334,1.011608878401752,3.3717801489184374,4.845178178951604,-23.317008583834674,0.12173217147304156,0.7362563361496518,6.048165634773884,1.7142426916428528,12.094588889172755,both
117,WS23-139-06MC-3 40-42.5cm,4.77759827623656,0.08885868439227597,0.6415618555274962,2.7387629198735675,4.576414345089666,-26.718451764176343,0.0866685251536691,0.6004245147279681,6.927826609064538,1.1753761441254198,9.498805811683091,both
118,WS23-139-06MC-3 37.5-40cm,4.808742885096353,0.08252597154768981,0.6107367086038851,2.507411156938267,4.797367413484104,-26.77583628454024,0.08096769814708558,0.5427820743121233,6.703686614952392,1.0663347598228952,8.338777729502903,both
119,WS23-139-07MC-3 2.5-5cm,5.159116769089275,0.1063706836399876,0.6652302457175042,3.1406304987638025,4.916265785323362,-25.177798694539447,0.11544648638698954,0.6379786643617796,5.526185199116444,1.5227234988902065,9.816159649243401,both
120,WS23-139-07MC-3 2.5-5cm,5.159116769089275,0.1063706836399876,0.6652302457175042,3.1406304987638025,4.86706530607198,-25.142778281592918,0.11136230584702567,0.6343285231966471,5.696079282589578,1.497866731892471,9.952778260714087,both
121,WS23-139-08MC-3 5-7.5cm,4.835414677007632,0.1191322047271273,1.0729034840459104,3.7130812645358606,4.571835927655453,-23.200441836025117,0.13271096373421234,0.8075246467336834,6.084837484497197,1.7896561297862055,12.703216611773088,both
122,WS23-139-17MC-3 30-32.5cm,5.493631792415391,0.12959494515415268,1.2667923146050417,3.898486055333166,5.182613318584883,-25.372903050713735,0.14048822321576374,1.1438936890060247,8.142274582327211,1.8507142381656927,17.578436240045956,both
123,WS23-139-08MC-3 10-12.5cm,4.541139633850641,0.10766301028069081,1.0032026076526206,3.2064518943339215,4.5563002059268385,-23.457368430396183,0.11821640902096105,0.7027001406902668,5.944184453832213,1.6039798137612054,11.122087405812891,both
124,WS23-139-08MC-3 20-22.5cm,4.537737405895021,0.08672715242137478,0.9632190140171885,2.6065811613182213,4.865806074519328,-23.57044326463254,0.09748932833100661,0.5918009674775717,6.070417938138042,1.50158616420756,10.633199897750643,both
125,WS23-139-08MC-3 1-2.5cm,5.025477350448235,0.1244427847763144,1.077552258968017,3.5734887040227727,4.518688223121176,-23.225140582893303,0.1389437905847001,0.8576834633926946,6.172880844717209,1.956221462728915,14.08643323515479,both
126,WS23-139-04MC-3 7.5-10cm,3.9464282995615174,0.035519668840717125,0.21529607743646573,1.1133045668333834,3.7628195082461837,-26.32772026740797,0.03655325476660551,0.19945879978242176,5.456663190623567,0.9918168641668393,6.313261294695239,both
127,WS23-139-04MC-3 7.5-10cm,4.278290769800343,0.03654084819596388,0.21182327622969677,1.945402416303036,3.7628195082461837,-26.32772026740797,0.03655325476660551,0.19945879978242176,5.456663190623567,0.9918168641668393,6.313261294695239,both
128,WS23-139-06MC-3 30-32.5cm,4.7480617071024085,0.06572298629247425,0.5345847310943589,1.9867012630166199,5.01137237708026,-26.58835270492918,0.06670711415487583,0.485544557546678,7.2787522545102945,0.9179489320427202,7.794182785131062,both
129,WS23-139-17MC-3 40-42.5cm,6.0665042459613305,0.14960536809807914,1.6184576308818865,4.470327997637321,5.010241423712968,-27.222309127854572,0.1584483339037416,1.6039910753016653,10.12311733284681,2.2197469304273634,26.212766723518556,both
130,WS23-139-08MC-3 0-1cm,6.842564515026093,0.1607210748525139,1.2156682141989679,4.8342513164060925,4.9917607305483385,-22.861402830638426,0.1809011923893613,1.2391635574976445,6.849946875035186,2.545528984128386,20.340441609082898,both
131,WS23-139-10MC-3 10-12.5cm,4.7318890753329175,0.10699207994921936,0.7421499561403013,3.194335988662347,4.764885501903941,-25.994418463617393,0.11164384146724662,0.8034894869262179,7.196899321687535,1.40499112698717,11.795439753535511,both
132,WS23-139-17MC-3 35-37.5cm,5.047849058689436,0.15042602570415967,2.10289141606603,4.357308333423417,4.538539564001866,-27.382312340003406,0.14944733688730352,1.9527693760920535,13.066605379288985,2.067514834796372,31.51421819102097,both
133,WS23-139-17MC-3 42.5-45cm,5.684658151442313,0.1554320830149386,1.9616185787658003,4.636890727772562,4.89980025385511,-27.480354081392605,0.16113561182379282,1.8885296471798259,11.72012583565324,2.3857501756323587,32.61762737006755,both
134,WS23-139-06MC-3 32.5-35cm,5.187477903843233,0.0690260848810191,0.5387110055448368,2.160206061105127,4.780557950029727,-26.723026025950276,0.06537910295512005,0.4720307055420581,7.219901837229044,0.9285139268365621,7.820145668751315,both
135,WS23-139-08MC-3 37.5-40cm,4.543329746082901,0.07927534781561704,1.0240811846579012,2.3165263841709822,4.476624922490596,-23.443082771414197,0.08240697876711386,0.5211934747884281,6.324627872371663,1.243868936465494,9.177084439093164,both
136,WS23-139-07MC-3 5-7.5cm,5.145204336803172,0.10393209554121151,0.6453301364796108,3.0488231709869456,4.512616379308735,-25.399081010759055,0.1096389542477504,0.6450711380546114,5.883594407485395,1.3996378991584697,9.60624255129619,both
137,WS23-139-06MC-3 47.5-50cm,4.90399247904076,0.0831176195404649,0.6094211407250133,2.5512540992852335,4.903116417197593,-26.82879277606241,0.08297598806791855,0.5822069244432438,7.016571155099576,1.103740552201092,9.03414508236827,both
138,WS23-139-08MC-3 22.5-25cm,4.776684393837041,0.08440724770021488,0.962360345655751,2.5352900717150195,4.2920068806811225,-23.301287815311756,0.08950930772750616,0.5674539576316799,6.339608383065414,1.255685891560604,9.286211559777717,both
139,WS23-139-04MC-3 0-2.5cm,3.8730522875356463,0.03521497476185467,0.17744512242580177,1.0747228236207138,3.964706144744558,-25.921952299906813,0.03224399413406358,0.1502580220160168,4.660031303543733,0.871025126336738,4.734941799515545,both
140,WS23-139-04MC-3 0-2.5cm,3.955278567322248,0.027852855675269073,0.1480005360270203,1.4235970280792238,3.964706144744558,-25.921952299906813,0.03224399413406358,0.1502580220160168,4.660031303543733,0.871025126336738,4.734941799515545,both
141,WS23-139-06MC-3 35-37.5cm,4.904239984688988,0.07760962584517829,0.5924427896627344,2.4116041766909286,4.474042153482275,-26.929152825444888,0.0752549832243246,0.5311420846433824,7.0578991833686535,0.9735341298769872,8.015336504643349,both
142,WS23-139-06MC-3 35-37.5cm,4.904239984688988,0.07760962584517829,0.5924427896627344,2.4116041766909286,4.493552363114878,-26.83272848950252,0.0714283496577689,0.5315545706836037,7.441787094765799,0.9404987624103232,8.164518872106942,both
143,WS23-139-01MC-3 35-37.5cm,5.212504224640214,0.09459291239216092,0.6389713343756054,4.524930622910664,4.848981054317303,-26.191580413977416,0.09283361983842298,0.6055588842500078,6.523055820768206,2.328328146953966,17.71700922129623,both
144,WS23-139-17MC-3 32.5-35cm,4.990234150997797,0.1354333707426503,1.7958161265580135,4.095385261607695,4.772929519319004,-26.87893959211776,0.1281407664379208,1.4774961544798844,11.530258445860582,1.7796109154765345,23.93642187986271,both
145,WS23-139-04MC-3 15-17.5cm,4.201612736659501,0.0414302204388233,0.23838589012452016,1.2636069374382009,4.228003438909947,-26.171594026507595,0.04021648276967721,0.2341007421868331,5.8210148194098785,1.095174340206085,7.436645725155751,both
146,WS23-139-01MC-3 30-32.5cm,4.436055974749724,0.0385757126565928,0.2187606865992895,1.9963275479949663,3.9951674715786316,-25.952703384952677,0.03836859668694345,0.19537686844095337,5.09210357717979,1.0388277013055953,6.1707205442982875,both
147,WS23-139-04MC-3 12.5-15cm,4.398876111265994,0.03654247287448108,0.2262473460408743,1.122826818201757,4.099562096269997,-26.01498374733704,0.03511041904381383,0.2070314908968779,5.896582739115873,0.945951375608706,6.506753251784807,both
148,WS23-139-04MC-3 12.5-15cm,4.5537979956124754,0.03608201393423908,0.21986913024979546,2.0055006602849375,4.099562096269997,-26.01498374733704,0.03511041904381383,0.2070314908968779,5.896582739115873,0.945951375608706,6.506753251784807,both
149,WS23-139-08MC-3 12.5-15cm,4.858918638666702,0.11264768606115949,0.9608637430155251,3.3303834094598335,4.13840701480229,-23.154843806451172,0.12757859456233023,0.7633926070771316,5.983704474061799,1.8250750836675393,12.73931276522887,both
150,WS23-139-06MC-3 45-47.5cm,5.012778020316603,0.08442181166428912,0.635711394707284,2.5656758722641704,4.709172966427369,-27.12800446753296,0.08258477973425674,0.571193776871331,6.9164533550774365,1.1402122729477002,9.199501437154169,both
151,WS23-139-15MC-3 2.5-5cm,5.698427673231174,0.025901616832722654,0.5463308390024192,0.7852386664783936,4.780304907678674,-22.84022343289747,0.028285774566704544,0.2580438678233766,9.122743561957202,0.7198234979491199,7.660314753960739,both
152,WS23-139-09MC-3 15-17.5cm,5.004344139724104,0.10418439639096211,0.7320867023999466,3.1114026730891187,4.248772279754482,-24.579849734027487,0.11121721772792803,0.6342229102813881,5.702560477936923,1.5329082614748681,10.197205992950545,both
153,WS23-139-01MC-3 32.5-35cm,4.747835254596434,0.05921272611590886,0.3770087258701259,2.9936872350050363,4.655535999892163,-26.537345403924203,0.05621177954814393,0.3518110146643047,6.258670646834579,1.5933892942151604,11.633198022783958,both
154,WS23-139-09MC-3 12.5-15cm,4.646332704693641,0.10447578016011218,0.7440180729668849,3.2476232876323237,4.647264970590984,-24.8143015475425,0.1117714359069947,0.6554612445380807,5.86430011584974,1.4633202551078492,10.010383136817216,both
155,WS23-139-09MC-3 40-42.5cm,5.4670769725118955,0.10721742210752239,0.7622060224879301,3.4234576449378347,4.805247419278982,-25.481517980054747,0.1112238768532981,0.6472721979702064,5.819543575377654,1.4604385714441628,9.914420777568624,both
156,WS23-139-12MC-3 32.5-35cm,5.265452139388545,0.1009644838844116,0.7464315671589621,2.96364270896684,4.401032070026704,-23.99108929337783,0.10664258220170283,0.6356722039969366,5.960772806444538,1.3861252119150669,9.638293784166708,both
157,WS23-139-09MC-3 30-32.5cm,5.122801081139784,0.09959721519698826,0.6750756019546753,3.1254046887368965,4.403411282578698,-25.587531178021255,0.1038000900317398,0.6167912901156906,5.942107467605175,1.3233214904046429,9.172780376982805,both
158,WS23-139-12MC-3 30-32.5cm,5.3570830976525,0.10838325849668176,0.8929725925857642,3.157348985742379,4.7816975006990345,-24.267516116251628,0.11659599864882249,0.7840818459028457,6.724774906422264,1.6370877155039165,12.842359692551938,both
159,WS23-139-04MC-3 10-12.5cm,4.31353082251768,0.039315487765934416,0.24526602650998333,1.1706810871745081,4.823597307947854,-26.677963530531766,0.03738577227110312,0.2289472853772609,6.123914833617679,1.039569971709753,7.42639416856116,both
160,WS23-139-04MC-3 10-12.5cm,4.30056017743428,0.03533528481268354,0.2234622385497735,1.9098204401042276,4.823597307947854,-26.677963530531766,0.03738577227110312,0.2289472853772609,6.123914833617679,1.039569971709753,7.42639416856116,both
161,WS23-139-08MC-3 32.5-35cm,4.730209887298155,0.0757977141881086,1.042543375515614,2.241307570071931,4.511157207091794,-23.6250144739745,0.08380704803905216,0.5399341776507063,6.442586754745369,1.2114634810042,9.104701886579603,both
162,WS23-139-12MC-3 22.5-25cm,5.196739061050553,0.09544110999735006,0.7976441944313172,2.786049304469397,4.421086427824178,-24.122863552907457,0.10414595409796654,0.6732682723683223,6.46466085216332,1.4066022437128642,10.607478975648123,both
163,WS23-139-06MC-3 42.5-45cm,4.964911060995704,0.0908458500864062,0.6537989836372411,2.6722037702075654,4.952921607235814,-26.536776822300297,0.09381192429960705,0.6073461449801736,6.474082580808094,1.172079887894591,8.85177928537299,both
164,WS23-139-06MC-3 50-52.5cm,5.192109415770243,0.07829241552460928,0.5807928642739084,2.2763477901352136,4.774998043435918,-26.69252036858455,0.07582223942788624,0.532623298981621,7.024631598862147,1.0555581426134857,8.649695939498367,both
165,WS23-139-18MC-3 35-37.5cm,5.302090090277097,0.0882700918796892,0.8513503037077578,2.5122008376294414,4.501927371402022,-23.902704630614362,0.09531679846599383,0.6142820340485498,6.444635614442161,1.2947028371219578,9.733378108196423,both
166,WS23-139-11MC-3 45-47.5cm,5.743008318054771,0.10697281060374725,0.7578815909057525,3.3950314423162156,5.092619058407087,-24.120937122837994,0.11163619264469768,0.6527254648907953,5.846898299086676,1.5088017899552824,10.29088815795771,both
167,WS23-139-12MC-3 2.5-5cm,5.332685145063379,0.06905121642227503,0.6904894130591333,2.053793139411992,4.602746701277428,-22.882985641287387,0.06989842744975888,0.39819049383504795,5.696701747993638,0.9772807972061934,6.4943841742222475,both
168,WS23-139-18MC-3 32.5-35cm,5.202192107790585,0.0926311502561869,0.8604848898475771,2.7503054655293413,4.601703616120201,-23.703153900136606,0.10220495169719589,0.6420030145397476,6.281525541363392,1.4136527865726352,10.35864647439736,both
169,WS23-139-18MC-3 30-32.5cm,5.141062432928785,0.1063839126463705,0.9631189976474783,3.054076350204869,4.718349647545656,-23.65645670999237,0.11606736729582964,0.7491748644094998,6.454655445918934,1.546819282498526,11.646830885420291,both
170,WS23-139-05MC-3 10-12.5cm,4.876109265383478,0.07937191944813313,0.6044215423091248,2.394074640998722,4.7313403852793225,-27.014807436860814,0.08067925303715168,0.5519939148153977,6.841832243553522,1.1091237783694086,8.852125561485897,both
171,WS23-139-18MC-3 25-27.5cm,5.036544595487019,0.09206945609055354,0.7815238981151069,2.7179876048887968,5.167617880882786,-23.763900096655927,0.10152476444596589,0.6084785435908864,5.993400200546483,1.375693167910219,9.618115463388333,both
172,WS23-139-15MC-3 20-22.5cm,4.713034064571329,0.023689197728671153,0.6727969439127973,1.3689853788054265,3.938343826461578,-22.690943188741617,0.023936063915156295,0.2559542177713565,10.693245918736308,0.6236702906201752,7.779644267714901,both
173,WS23-139-12MC-3 17.5-20cm,5.007561003186123,0.10130235629158316,0.8149560150809069,3.129454661170392,4.886170199910848,-23.720401998325006,0.10949486105032286,0.6883826498916181,6.2868945929365925,1.5072932835235737,11.054244617660075,both
174,WS23-139-15MC-3 22.5-25cm,4.6463890370940515,0.021859657164700997,0.659384040986024,1.2594033459714529,4.080948975713399,-21.93790422382892,0.02354305536700436,0.2117234386886001,8.993031507088537,0.6076662563356493,6.374797057800556,both
175,WS23-139-05MC-3 15-17.5cm,4.618472535182247,0.05927889414768033,0.44797405418025216,1.9334397345312297,3.7519659272335963,-26.830518268484905,0.06422102993170255,0.4160623523035168,6.478599809844044,0.8679694516465293,6.559650825035046,both
176,WS23-139-16MC-3 0-2.5cm,5.312783041040832,0.10825312451613371,0.9978016609182705,3.5467772459240328,5.312213148468584,-23.33065705245872,0.12467299979029678,0.8015436663464829,6.42916804516375,1.5930735490691599,11.947739146490207,both
177,WS23-139-05MC-3 20-22.5cm,4.597694267840307,0.05960504430281842,0.4181266368101421,1.9017455248650847,4.232278152340923,-26.548206646017842,0.06394124403196161,0.3941094117942068,6.163618142887675,0.8978701597721489,6.455715618840491,both
178,WS23-139-12MC-3 20-22.5cm,5.092083036190049,0.08666994936100132,0.7590585099148317,2.521223259248829,4.616646655565253,-23.88459371089235,0.09753915728952978,0.6073005092700631,6.226222638641281,1.223730026893694,8.888027519933305,both
179,WS23-139-15MC-3 17.5-20cm,4.762552652866339,0.02284403989455591,0.6322307094126667,1.3346887120405952,3.9103513112989767,-22.117446319956343,0.025060814087295026,0.2229004646847697,8.894382437391474,0.31089004199656495,3.2256536854465425,both
180,WS23-139-16MC-3 7.5-10cm,4.9313569589234785,0.09322605149082192,0.8091736487377306,2.945237876541948,4.820872586482722,-23.766432730469408,0.11138536445255914,0.621000866180956,5.575246525726909,1.5209150763579276,9.891545853490165,both
181,WS23-139-04MC-3 25-26.5cm,4.164221441879073,0.032332381672249166,0.2859057080772619,1.902210249346993,3.420940820698591,-26.127135262121975,0.021340711793518048,0.09575265862140543,4.4868540256698,0.534934415963431,2.799868330946308,both
182,WS23-139-16MC-3 2.5-5cm,4.950275040127173,0.09221477703595067,0.8199478387298368,2.7516336573789566,5.125174546594471,-23.72413004906569,0.10506842635945876,0.6273012945836388,5.970407250961612,1.4864070024585816,10.352299465984782,both
183,WS23-139-15MC-3 30-32.5cm,4.5056193093420145,0.02398891615111459,0.6588128261015718,1.3727961195570746,3.7920915290762522,-22.368890378981856,0.024681113425730778,0.26754346538250806,10.840007935119582,0.6874773521239956,8.693269103319729,both
184,WS23-139-05MC-3 17.5-20cm,4.503872050371659,0.06261890466293964,0.6952124089201311,1.7946730042334158,4.085276195196551,-26.83043878831737,0.06900262925430237,0.4736576383419255,6.864341887557749,0.8564501927930506,6.857978911846579,both
185,WS23-139-15MC-3 27.5-30cm,4.764319702564917,0.021725526939837623,0.6876559583426453,1.2642364805832993,3.6800748935698184,-22.014729084812807,0.021516172603603025,0.20490210789009872,9.523167138740396,0.5631984880223627,6.256594588297835,both
186,WS23-139-15MC-3 25-27.5cm,4.450595141406857,0.021999730042144703,0.6097378244507287,1.262935252033956,4.262354200572486,-22.258090770150076,0.02423050728269093,0.2431777090205414,10.036013946528287,0.6675063730017533,7.814690824019813,both
187,WS23-139-12MC-3 15-17.5cm,5.3918653516523145,0.0937325503266375,0.8288279943068265,2.7617984849989985,,,,,,,,left_only
188,WS23-139-09MC-3 37.5-40cm,5.141635022800059,0.0969252460529328,0.6339236424177526,2.928027971947377,4.756854634490034,-25.527048320898373,0.10118427876508547,0.5666876579511942,5.600550449806979,1.2562450712633095,8.207298186846854,both
189,WS23-139-11MC-3 42.5-45cm,5.655587643908287,0.10783070769385841,0.7420433318082947,3.1669594071942844,5.82441629993068,-24.158062825766685,0.1148749958639812,0.6610964089349618,5.754919980303974,1.5851273519218307,10.641395318510144,both
190,WS23-139-17MC-3 27.5-30cm,5.638245066632639,0.1342987274394651,1.2491279900555725,4.244261567530163,4.9470107575101,-25.744183629106615,0.14205020660387901,1.159521354030521,8.162757251483347,2.0373710574577766,19.400018391248366,both
191,WS23-139-17MC-3 5-7.5cm,5.005091140768053,0.14282318424616094,1.577516907996428,4.53506936072428,4.824225320528955,-26.979309141998122,0.15399744400780505,1.6176838571342205,10.504614979533244,2.221916012258223,27.227195244055896,both
192,WS23-139-17MC-3 20-22.5cm,5.152612054887559,0.11948929478390054,1.2294452131307056,3.8108641467053848,4.641814640646074,-26.08726248396056,0.12607164047341587,1.2497170985379127,9.912753525258003,1.7034519301654267,19.69787233582239,both
193,WS23-139-17MC-3 10-12.5cm,4.700042278024537,0.15132562662889532,1.814795362332556,4.731599143544173,,,,,,,,left_only
194,WS23-139-17MC-3 12.5-15cm,4.962516078902078,0.1293133595679593,1.2465829324116489,3.84838773292398,4.629687867379266,-26.700711336809572,0.13960471463873667,1.1957270406508325,8.565090682969307,1.705848044183107,17.043839474522564,both
195,WS23-139-11MC-3 40-42.5cm,5.174237148778331,0.10907087869303206,0.7468623347882491,3.2057963189305307,4.834379905496835,-24.000738530259767,0.11276510227242759,0.6625522041501951,5.87550750009116,1.591670162339226,10.909217183239058,both
196,WS23-139-17MC-3 15-17.5cm,5.17296065629456,0.13174037179527218,1.271821071166052,3.8831908591417275,5.039399237323992,-26.639565960320624,0.14028356414827167,1.2237476392430229,8.723385712880745,1.8626373021314417,18.95433271040692,both
197,WS23-139-12MC-3 7.5-10cm,5.283529188958918,0.0821101314667483,0.909434511217987,2.5393774276882732,4.982355125751676,-23.048150822367496,0.08615490045656707,0.5502881122757558,6.3871945688471925,1.2068450545753953,8.99201016104222,both
198,WS23-139-17MC-3 7.5-10cm,4.822859713147402,0.1400545300350724,1.6747962444286855,4.2159312599351235,4.4717002759993,-27.055633555352088,0.15596499223173144,1.7256780123064985,11.064521516100875,2.0587156326491143,26.5719929072307,both
199,WS23-139-17MC-3 0-2.5cm,4.933266943966945,0.13137004427567733,1.4091919533081034,3.7930404432515514,4.970734207481066,-26.995773088197495,0.1552167476198552,1.5277676948084709,9.84280187696086,2.1289400587174434,24.444283116935534,both
200,WS23-139-18MC-3 37.5-39.5cm,5.109063360961408,0.1045165565865748,0.9542379691442839,3.2486670161852764,4.900695367260785,-24.11915542755231,0.11633559810998483,0.8047548698919044,6.917528967625896,1.5267282704141192,12.319919265472567,both
201,WS23-139-12MC-3 5-7.5cm,5.2545796330401275,0.06501404386541171,0.6995145846691072,1.9787750495824556,4.757138980428416,-22.567600629129593,0.07118967900497065,0.4453650523517959,6.256034000668823,0.9878647748291467,7.209277254597223,both
202,WS23-139-17MC-3 25-27.5cm,5.270738925351306,0.12409845289693522,1.1315451247612347,3.546416672829832,4.936315224200605,-25.888370028576503,0.13850948865287388,1.1450026651163858,8.266600911262758,1.8378953562147933,17.723230261876445,both
203,WS23-139-18MC-3 27.5-30cm,5.101950281174743,0.09107030024639488,0.9509540906580757,2.607951781502757,5.051853959560821,-23.603819947035422,0.10254178139131882,0.6573164103343639,6.4102300683262,1.2867859090940585,9.622214662854665,both
204,WS23-139-17MC-3 17.5-20cm,5.306127065397609,0.12139051262200734,1.1034913001671791,3.8617086060315815,4.88279289074411,-25.906923353734076,0.13464527832349613,1.1121976649668504,8.26020547333792,1.6377517401218398,15.780982854871022,both
205,WS23-139-17MC-3 2.5-5cm,5.1130387573616,0.13455413011275472,1.5235999016143917,3.960174875852483,4.660906375518333,-27.19686987572796,0.1455468691480398,1.4645363536634473,10.06230063371426,1.94093658550523,22.78262505869624,both
206,WS23-139-12MC-3 27.5-30cm,5.476107010407213,0.10094349779414018,0.9019019393647645,2.914608403118171,4.694163259176938,-24.2573830349831,0.10521879625305984,0.676928056744031,6.43352785671453,1.3397559645669768,10.054720736267084,both
207,WS23-139-05MC-3 22.5-25cm,4.505005773019817,0.06600518991582026,0.4885175927655534,1.971675373288421,3.8512506247199227,-27.02717097366996,0.06463884518911511,0.4194737062147764,6.489498767923747,0.8326922754983223,6.303631515207563,both
208,WS23-139-12MC-3 35-37.5cm,5.275247223711557,0.0964890187134546,0.7226684027774134,3.062648232097511,4.806004559644166,-24.33562618918559,0.10112538403613305,0.5853911946764506,5.788766097217339,1.413012503848209,9.541730247282429,both
209,WS23-139-09MC-3 25-27.5cm,4.883123996022661,0.10267368473125006,0.7288984720070293,3.1573074129848075,4.504489688554904,-25.63000488381056,0.10457085887876655,0.629427382160299,6.019147101871095,1.4413014168086953,10.120102206091069,both
210,WS23-139-18MC-3 22.5-25cm,5.043394503553882,0.10351310071358742,0.9586937619907514,3.245774813952816,4.729965619390485,-23.96041224506461,0.11048602790321743,0.7239091949595797,6.5520429025985365,1.5106066127666882,11.545779042007286,both
211,WS23-139-12MC-3 12.5-15cm,4.851438354301575,0.07367865546962683,0.727013778724033,2.224506386659347,4.601311448091853,-23.46383087446531,0.07293384506609252,0.45833575018749795,6.284266923979599,0.9607381232653373,7.042952764121793,both
212,WS23-139-09MC-3 35-37.5cm,4.928115931505899,0.10154767156442188,0.7042096846168971,2.984312834633792,4.947789826628831,-25.724112234938637,0.10472283456707762,0.6005071620257759,5.734252367291834,1.4611115255408038,9.773616566292958,both
213,WS23-139-12MC-3 25-27.5cm,4.894128393066035,0.09670605952156071,0.8799652940549447,2.930932186541748,4.411258624395321,-23.914409091627828,0.10269526931524336,0.6303732764626295,6.138289335680834,1.3694901617535276,9.8062147578279,both
214,WS23-139-16MC-3 5-7.5cm,4.85521174551684,0.10217710609045029,0.8620099886620094,3.2718553414916354,4.8486783607660415,-24.041879222610277,0.10723840755800056,0.6461536369646114,6.025393808791269,1.514962571297607,10.64835369092722,both
215,WS23-139-09MC-3 20-22.5cm,4.659519245308086,0.10187294382356568,0.7220641388012068,3.1920189064717253,4.895570466007419,-25.32381745952392,0.10512841402532176,0.6090125779353542,5.793034961876857,1.497160682821713,10.11741794751556,both
216,WS23-139-17MC-3 22.5-25cm,5.086507324705221,0.13475879141289082,1.3887673910732503,4.227828635090795,4.703888555649246,-25.576934606629028,0.13814944158735296,1.206191018356189,8.731059673473274,1.9587441168388149,19.949857109598117,both
217,WS23-139-12MC-3 0-2.5cm,5.061432573652301,0.11575041516292746,0.9439675849869272,3.5437307688567348,5.278412291022772,-23.21338395148642,0.12426354363580802,0.8085930199771298,6.507081613147592,1.7263851629745661,13.104458402027355,both
218,WS23-139-12MC-3 37.5-40cm,5.094542935513294,0.1075616175071781,0.9423596588763362,3.346156700523091,5.168817161574547,-24.385091789365006,0.11403271594684546,0.7679737302024399,6.734678936879998,1.550470525390049,12.180792328581413,both
219,WS23-139-09MC-3 17.5-20cm,4.6905811660399115,0.10372912275187399,0.7711128686611931,3.177102345757077,4.537947960846303,-25.003586644509607,0.10892431665303166,0.6383443292875637,5.860439146209662,1.4813240579516147,10.12687302740712,both
220,WS23-139-08MC-3 35-37.5cm,4.478427603866368,0.0751157325261122,1.0480336967209145,2.2270393875354193,4.802805378043355,-23.539509917981526,0.08493528869045557,0.5338229942794291,6.285055393464701,1.2697249724003579,9.309232966018621,both
221,WS23-139-05MC-3 0-2.5cm,4.644597942522697,0.08660808168554483,0.6832829342915995,2.689734214231303,4.445284834734614,-26.751100278506385,0.08696526094636231,0.6075912316369173,6.986597004655253,1.2448881572300472,10.145913530789656,both
222,WS23-139-05MC-3 12.5-15cm,4.2594828459752785,0.07285763114452345,0.5960134918105638,2.2559343604920965,4.638633577263943,-26.975958754575633,0.07670695149554295,0.526062194564554,6.858077192588221,1.0458645163939055,8.36706081646304,both
223,WS23-139-05MC-3 27.5-30cm,4.200528549326908,0.0758283245436277,0.5787220673828031,2.359500342722988,4.668281771294573,-27.1033071640886,0.07441660515444713,0.5118998529337837,6.87883909607764,1.1557148429339477,9.273869275714626,both
224,WS23-139-05MC-3 2.5-5cm,4.823742535236193,0.08271084415882217,0.6004852521543014,2.610970587985774,4.794892617570493,-26.788529418574406,0.08228077467341184,0.5551105250831397,6.746539848299676,1.1582149588396538,9.115182901885595,both
225,WS23-139-09MC-3 22.5-25cm,4.910586763320911,0.09808347205290714,0.6476541124559791,3.1228489324710753,4.813780910108547,-25.603691831904914,0.10193872323737227,0.5781725141652481,5.67176530962555,1.3607837273271495,9.003315870040357,both
226,WS23-139-07MC-3 27.5-30cm,5.2871825819178495,0.10666720950702449,0.6542825970469455,3.2546822783770755,4.839263254943317,-25.300538005056374,0.10865002620758868,0.6311309641290413,5.8088431835551635,1.4815489655030507,10.039238916503917,both
227,WS23-139-05MC-3 5-7.5cm,4.93845895370146,0.09106975446249113,0.6683209768764586,2.8201722322306764,4.395359497092897,-26.940867696681007,0.09451445280810507,0.6227032720861526,6.588444979419622,1.2168145505351826,9.351955802346323,both
228,WS23-139-05MC-3 7.5-10cm,4.815040915822343,0.0938055118496993,0.6903756385128343,2.9232368607037986,4.313084680233983,-26.965372844781005,0.09288653688367705,0.6761878844538984,7.279718968322576,1.3291194895839216,11.286876369398254,both
229,WS23-139-07MC-3 12.5-15cm,5.187870363193114,0.104994429187247,0.6750332689889583,3.258499486839043,4.8467420205959915,-25.54587865021189,0.10874441582957468,0.6407495337466383,5.8922522950587854,1.471503665451161,10.114346095561006,both
230,WS23-139-09MC-3 27.5-30cm,5.031778284865794,0.10015913186338102,0.6793738449843987,3.1876483736791097,4.799966825907658,-25.67255151153543,0.10283226467887793,0.6240556571909144,6.068675615962557,1.4008969333769197,9.917340776974013,both
231,WS23-139-07MC-3 15-17.5cm,4.991035072751703,0.10222686044822349,0.650155888675538,3.270602830742842,4.958967936162226,-25.67636908383663,0.10554696386467853,0.6378056766803966,6.0428614270527525,1.5079429184264135,10.62974056988744,both
232,WS23-139-08MC-3 17.5-20cm,4.6562388890816395,0.09705518393611945,0.9870524259859674,3.0474357896858635,4.402399853677393,-23.2400003816411,0.10384535356161397,0.646185560894538,6.2225755773573495,1.3199700615454828,9.581409215994949,both
233,WS23-139-09MC-3 32.5-35cm,5.142644127867486,0.10338793157420631,0.7091977451077308,3.2415548053737235,4.8117537031610045,-25.30844074518201,0.1079553808712727,0.6323260047112681,5.857290295379174,1.4590543446092423,9.96926969126383,both
234,WS23-139-07MC-3 32.5-34.5cm,5.366711865589929,0.09567268201624934,0.6473956285028201,3.027791131503543,4.94864904695239,-25.736040213945437,0.10285737667982578,0.620911292917523,6.036623847118854,1.3890517964184896,9.781550093255234,both
235,WS23-139-07MC-3 30-32.5cm,5.06473425104468,0.09283504552918302,0.5755808214732092,2.7015594619734418,5.031141946429186,-25.466478618286597,0.09980918036022854,0.5553597978990695,5.564215595145459,1.3391955548976273,8.692467511162954,both
236,WS23-139-07MC-3 20-22.5cm,5.171491767058564,0.10332246348438909,0.656666184061999,3.2203274022193678,4.804896948759806,-25.572497787403922,0.10971629669665685,0.6497376904513986,5.921979778881807,1.5423714942474351,10.654940727260863,both
237,WS23-139-12MC-3 10-12.5cm,5.223894439142586,0.08339225434285227,0.8339106299051963,2.5897431848314185,4.953612335332495,-23.416875031132193,0.08783706879276564,0.5781392025443545,6.581950086567217,1.2323521942830844,9.462035108419508,both
238,WS23-139-07MC-3 17.5-20cm,5.114051348969042,0.09058981565016608,0.581623240225941,2.6659011487799407,4.81678968742095,-25.6695389899819,0.09685482177353787,0.5580650573309633,5.761871707696794,1.3587328102334857,9.132565059769153,both
239,WS23-139-07MC-3 25-27.5cm,5.161949758413482,0.1019688761361968,0.6503389180288908,3.225448047717129,4.884899177564804,-25.63222357266563,0.10830938394565069,0.6414127510106133,5.9220422796650025,1.3300175884375265,9.188064086916397,both
240,WS23-139-07MC-3 7.5-10cm,5.103574655732598,0.1046945110400639,0.6931535544774392,3.186344936643316,4.890009672452511,-25.612654869846935,0.10918727523207758,0.6684640895798951,6.122179422089932,1.4856795344390399,10.610267227028759,both
241,WS23-139-07MC-3 22.5-25cm,4.654383795783362,0.10362656175682314,0.6513411841310303,3.2471135339932444,4.628409844494458,-25.20913527291031,0.10876270885554257,0.6635830083146478,6.101199715391527,1.3296842807121578,9.4636550927671,both
242,WS23-139-07MC-3 10-12.5cm,4.818179672732686,0.10557018365858295,0.6716330234174069,3.1280724225803684,4.838124745873414,-25.574455095211505,0.11171507455014797,0.6676387544583581,5.976263786662565,1.4110706347176436,9.837248458697006,both
243,WS23-139-04MC-3 22.5-25cm,3.917218957010963,0.022341176700382062,0.12564338607623515,1.2424787884441602,3.1996961980029557,-25.548937688505813,0.01599506041518969,0.06365274070085801,3.979524868840774,0.4524969482481286,2.1005934429124116,both
244,WS23-139-15MC-3 7.5-10cm,4.308065260509128,0.02090253020010709,0.5450906226904355,1.0941825551859057,4.3136638731922625,-20.865980845383355,0.0200054980400929,0.16500144537267233,8.247804930524294,0.5533569307992007,5.324010000900748,both
245,WS23-139-15MC-3 15-17.5cm,4.865360483654827,0.027365394885586033,0.6858368810112447,1.4948810859269595,3.7804915402948627,-21.834186013677375,0.024749704875889476,0.24094676630258233,9.73533896710447,0.7079016229740495,8.039316252520466,both
246,WS23-139-06MC-3 22.5-25cm,4.729970866386503,0.08377427417421941,0.6807154564663218,2.676770437836497,4.663969399392656,-27.096193933542335,0.08289287803634204,0.6491074265018495,7.830677880640925,1.100386685024903,10.051706842698914,both
247,WS23-139-06MC-3 5-7.5cm,4.1160838043152665,0.06364917279754834,0.710353942222313,2.0443151160200426,3.9467185296914185,-27.84078593233188,0.05886911737503829,0.5949270507026678,10.105927814622358,0.8424040436365221,9.930972116975092,both
248,WS23-139-15MC-3 5-7.5cm,3.8264000212314606,0.0166515190154535,0.5035279125988765,0.8567153048914373,5.0092171303971895,-19.879198127736135,0.013776870328143271,0.18233270904120083,13.234697336791589,0.36631134660504283,5.6553503284710835,both
249,WS23-139-04MC-3 2.5-5cm,3.863992528897935,0.030512067355723524,0.14979598259807866,1.6028526917767196,3.9164619816611466,-25.629461531523376,0.03298512706916814,0.13733482775473616,4.163537932315736,0.8807334999310792,4.2776196808069695,both
250,WS23-139-06MC-3 20-22.5cm,4.649591242776665,0.07785663949538513,0.7003355485412399,2.2412820324685065,4.4214746000288745,-27.4799480159465,0.07546116200431362,0.6504919931250385,8.620222321620943,0.9835266368299549,9.89007809697186,both
251,WS23-139-06MC-3 7.5-10cm,4.3242144871643,0.06340708865740557,0.5688822937363814,1.9768438440162872,4.301106853106557,-27.39338266899506,0.062296761232655165,0.5351321807911922,8.590048185533645,0.7951396747768307,7.967721612746129,both
252,WS23-139-06MC-3 15-17.5cm,4.3634805100956475,0.07176871413589006,0.7250415791775731,2.293115431533892,4.598732717190166,-27.181148283378388,0.06557524038904007,0.6081107215334529,9.273480629665974,0.9227339679011677,9.981927364121974,both
253,WS23-139-06MC-3 25-27.5cm,4.638037472306425,0.0850783328299694,0.7667134934679509,2.4655712999497412,4.285494767757489,-27.29308852885861,0.08429271966321045,0.7124909639086433,8.452580089423904,1.0991144916541957,10.837456227046708,both
254,WS23-139-15MC-3 12.5-15cm,4.439925883772463,0.026851630923232162,0.6798647558356317,1.5291438412413667,4.340259059289687,-22.36693183318101,0.026960944835059522,0.2927571058997566,10.858562550043152,0.6548372811187761,8.294703413452888,both
255,WS23-139-15MC-3 0-2.5cm,4.706734524277564,0.017821182307149425,0.5367996553065502,1.0118640892125734,3.223923624755548,-19.85595466087355,0.016753460159308387,0.12004297701596718,7.165264719913404,0.46152733393897727,3.857667525338262,both
256,WS23-139-06MC-3 10-12.5cm,4.286641408584814,0.07388465494423077,0.8370803533986625,2.22265715009247,1.4184798836934849,-27.525623227477347,0.07350298021785848,0.7819473817542065,10.6383085343827,1.0109414174289186,12.545665361383685,both
257,WS23-139-06MC-3 12.5-15cm,4.276858116212303,0.07261049463168492,0.6960375651034368,2.161159896964047,4.3055654401224865,-26.904995610888882,0.07417223729298712,0.6812975919574049,9.185345040439012,0.9919808780576014,10.62903661990499,both
258,WS23-139-06MC-3 17.5-20cm,4.351939057107159,0.0625547473238868,0.595740807691069,1.912183875012688,4.434192445357692,-27.461651495844208,0.06388006550571405,0.5505445544166288,8.618409359135406,0.8601238798713704,8.647354266873677,both
259,WS23-139-06MC-3 0-2.5cm,4.651348228202864,0.053657979746006425,0.48803979538114367,1.5814741610792986,3.908651500933665,-27.61305586716784,0.0491732407564192,0.4213089709464518,8.56785040940083,0.6887412586461199,6.883718515305765,both
260,WS23-139-06MC-3 2.5-5cm,4.172323168144428,0.06601285317902103,0.761656001047027,1.8850179902069348,3.9283699774814282,-27.97827601732833,0.06307077172840639,0.6748225562410526,10.699449804529976,0.80218278474552,10.012209100465707,both
261,WS23-139-15MC-3 11-12.5cm,4.375142820231582,0.02330261909731245,0.5642473146697641,1.1999934028513233,,,,,,,,left_only
262,WS23-139-06MC-3 27.5-30cm,4.687374626328052,0.08037304341833369,0.6941683346049171,2.378491349124993,4.361265617270294,-27.267736445310668,0.07695972585808637,0.690586120482009,8.973344340589891,0.9926211607820278,10.390417316494506,both
263,WS23-139-11MC-3 2.5-5cm,,,,,5.230364796546441,-23.24044918367546,0.132283305848401,0.8191480965236588,6.1923769690365695,1.5135627357243884,10.933342204225022,right_only
264,WS23-139-10MC-3 2.5-5.0cm,,,,,4.799506568985518,-25.83596949425241,0.11510224023494725,0.827704702066262,7.19103903083682,1.5411047982349326,12.927630975319685,right_only
265,WS23-139-10MC-3 5-7.5cm,,,,,4.626471935918485,-25.816861501104373,0.1122893549200936,0.7434955661164137,6.621247104371503,1.3477127073385968,10.409556989381763,right_only
266,WS23-139-12MC-3 15-17cm,,,,,4.627505806060249,-23.32559598309551,0.09971237104335436,0.643273913287371,6.451294925157074,1.3775395728366333,10.366833132120789,right_only
267,WS23-139-17MC-2 10-12.5cm,,,,,4.518702712722594,-27.257407364632705,0.16839360864785255,1.8997790194177706,11.281776278045202,2.148250512036452,28.272065290635982,right_only
268,WS23-139-15MC-3 10-12.5cm,,,,,2.8910080158312477,-21.88798948160398,0.023245174603161053,0.20883955136015278,8.984210913681553,0.6015041505270504,6.303963576569208,right_only
